slug,display_name,wikipedia_article,image_url,license,author,description_url
ny-ivan-brunetti,Ivan Brunetti,Ivan Brunetti,https://upload.wikimedia.org/wikipedia/commons/2/20/Ivanbrunetti.jpg?utm_source=en.wikipedia.org&utm_campaign=api&utm_content=original,CC BY-SA 2.0,Karen Green,https://commons.wikimedia.org/wiki/File:Ivanbrunetti.jpg
ny-charles-alston,Charles Alston,Charles Alston,https://upload.wikimedia.org/wikipedia/commons/a/a8/Archives_of_American_Art_-_Charles_Alston_-_2465_CROPPED.jpg?utm_source=en.wikipedia.org&utm_campaign=api&utm_content=original,Public domain,Andrew Herman,https://commons.wikimedia.org/wiki/File:Archives_of_American_Art_-_Charles_Alston_-_2465_CROPPED.jpg
ny-marisa-acocella-marchetto,Marisa Acocella Marchetto,Marisa Acocella Marchetto,https://upload.wikimedia.org/wikipedia/commons/6/6b/Marisa_Acocella_Marchetto_2015.jpg?utm_source=en.wikipedia.org&utm_campaign=api&utm_content=original,CC BY 4.0,Larry D. Moore,https://commons.wikimedia.org/wiki/File:Marisa_Acocella_Marchetto_2015.jpg
ny-helen-e-hokinson,Helen E. Hokinson,Helen E. Hokinson,https://upload.wikimedia.org/wikipedia/commons/e/e9/Helen_Hokinson_Nickolas_Muray_Photo_inscribed_To_Harold_W_Ross.jpg?utm_source=en.wikipedia.org&utm_campaign=api&utm_content=original,Public domain,Unknown authorUnknown author,https://commons.wikimedia.org/wiki/File:Helen_Hokinson_Nickolas_Muray_Photo_inscribed_To_Harold_W_Ross.jpg
ny-matthew-diffee,Matthew Diffee,Matthew Diffee,https://upload.wikimedia.org/wikipedia/commons/8/8e/Matthew_Diffee_2015.jpg?utm_source=en.wikipedia.org&utm_campaign=api&utm_content=original,CC BY 4.0,Larry D. Moore,https://commons.wikimedia.org/wiki/File:Matthew_Diffee_2015.jpg
ny-liana-finck,Liana Finck,Liana Finck,https://upload.wikimedia.org/wikipedia/commons/1/1c/Liana_Finck_%2830817591717%29_%28cropped%29.jpg?utm_source=en.wikipedia.org&utm_campaign=api&utm_content=original,CC BY 2.0,kellywritershouse,https://commons.wikimedia.org/wiki/File:Liana_Finck_(30817591717)_(cropped).jpg
ny-glen-baxter,Glen Baxter,Glen Baxter (artist),https://upload.wikimedia.org/wikipedia/commons/a/aa/Glen_Baxter%2C_tekenaar%2C_1992_-_04.jpg?utm_source=en.wikipedia.org&utm_campaign=api&utm_content=original,CC0,Fotopersbureau De Boer,"https://commons.wikimedia.org/wiki/File:Glen_Baxter,_tekenaar,_1992_-_04.jpg"
ny-carl-rose,Carl Rose,Carl Rose (cartoonist),https://upload.wikimedia.org/wikipedia/commons/e/ed/ItsBroccoliCarlRose.jpg?utm_source=en.wikipedia.org&utm_campaign=api&utm_content=original,Public domain,Carl Rose (1903 - 1971),https://commons.wikimedia.org/wiki/File:ItsBroccoliCarlRose.jpg
ny-barbara-shermund,Barbara Shermund,Barbara Shermund,https://upload.wikimedia.org/wikipedia/commons/5/5a/TheNewYorker3Oct1925.jpg?utm_source=en.wikipedia.org&utm_campaign=api&utm_content=original,Public domain,Barbara Shermund (1899–1978),https://commons.wikimedia.org/wiki/File:TheNewYorker3Oct1925.jpg
ny-stan-hunt,Stan Hunt,Stan Hunt,https://upload.wikimedia.org/wikipedia/commons/e/e2/Stan_Hunt%2C_cartoonist.gif?utm_source=en.wikipedia.org&utm_campaign=api&utm_content=original,CC BY-SA 3.0,Shuntmb,"https://commons.wikimedia.org/wiki/File:Stan_Hunt,_cartoonist.gif"
ny-amy-kurzweil,Amy Kurzweil,Amy Kurzweil,https://upload.wikimedia.org/wikipedia/commons/5/5a/Amy_Kurzweil_%40_SXSW_2017_%2833397145856%29.jpg?utm_source=en.wikipedia.org&utm_campaign=api&utm_content=original,CC BY-SA 2.0,nrkbeta,https://commons.wikimedia.org/wiki/File:Amy_Kurzweil_@_SXSW_2017_(33397145856).jpg
ny-amy-hwang,Amy Hwang,Amy Hwang,https://upload.wikimedia.org/wikipedia/commons/8/80/Amy_Hwang.jpg?utm_source=en.wikipedia.org&utm_campaign=api&utm_content=original,CC BY 4.0,Montclair Film,https://commons.wikimedia.org/wiki/File:Amy_Hwang.jpg
ny-nurit-karlin,Nurit Karlin,Nurit Karlin,https://upload.wikimedia.org/wikipedia/commons/e/e8/Nurit_Karlin.jpg?utm_source=en.wikipedia.org&utm_campaign=api&utm_content=original,CC BY-SA 4.0,Alma Cohen Wardi,https://commons.wikimedia.org/wiki/File:Nurit_Karlin.jpg
ny-gluyas-williams,Gluyas Williams,Gluyas Williams,https://upload.wikimedia.org/wikipedia/en/7/73/Gluyas_Williams_B%26W_%28web_face%29.jpg?utm_source=en.wikipedia.org&utm_campaign=api&utm_content=original,CC-BY-3.0,,https://en.wikipedia.org/wiki/File:Gluyas_Williams_B%26W_(web_face).jpg
ny-alfred-frueh,Alfred Frueh,Alfred Frueh,https://upload.wikimedia.org/wikipedia/commons/6/68/Alfred_Frueh.jpg?utm_source=en.wikipedia.org&utm_campaign=api&utm_content=original,Public domain,Alfred Frueh,https://commons.wikimedia.org/wiki/File:Alfred_Frueh.jpg
ny-liz-montague,Liz Montague,Liz Montague,https://upload.wikimedia.org/wikipedia/commons/5/5e/Liz_Montague_Headshot.jpg?utm_source=en.wikipedia.org&utm_campaign=api&utm_content=original,CC BY-SA 4.0,Lizmontague,https://commons.wikimedia.org/wiki/File:Liz_Montague_Headshot.jpg
ny-kasia-babis,Kasia Babis,Kasia Babis,https://upload.wikimedia.org/wikipedia/commons/e/eb/Katarzyna_Babis_2017.jpg?utm_source=en.wikipedia.org&utm_campaign=api&utm_content=original,CC BY 4.0,Katarzyna Babis,https://commons.wikimedia.org/wiki/File:Katarzyna_Babis_2017.jpg
ny-ed-subitzky,Ed Subitzky,Ed Subitzky,https://upload.wikimedia.org/wikipedia/commons/6/68/Ed_Subitzky_drawing.png?utm_source=en.wikipedia.org&utm_campaign=api&utm_content=original,CC BY-SA 3.0,Ed Subitzky,https://commons.wikimedia.org/wiki/File:Ed_Subitzky_drawing.png
ny-gahan-wilson,Gahan Wilson,Gahan Wilson,https://upload.wikimedia.org/wikipedia/commons/d/d2/Gahan_Wilson_%28445627398%29.jpg?utm_source=en.wikipedia.org&utm_campaign=api&utm_content=original,CC BY 2.0,Jeff,https://commons.wikimedia.org/wiki/File:Gahan_Wilson_(445627398).jpg
ny-kaz,Kaz,Kaz (cartoonist),https://upload.wikimedia.org/wikipedia/commons/f/fd/Kaz.jpg?utm_source=en.wikipedia.org&utm_campaign=api&utm_content=original,CC BY-SA 4.0,Boungawa,https://commons.wikimedia.org/wiki/File:Kaz.jpg
ny-cleanthe-carr,Cléanthe Carr,Cléanthe Carr,https://upload.wikimedia.org/wikipedia/commons/4/4d/Cleanthe_Carr.jpg?utm_source=en.wikipedia.org&utm_campaign=api&utm_content=original,Public domain,The Cordele Dispatch,https://commons.wikimedia.org/wiki/File:Cleanthe_Carr.jpg
bi-jay-lynch,Jay Lynch,Jay Lynch,https://upload.wikimedia.org/wikipedia/commons/6/6d/10.11.14JayLynchByLuigiNovi1.jpg?utm_source=en.wikipedia.org&utm_campaign=api&utm_content=original,CC BY 3.0,Luigi Novi,https://commons.wikimedia.org/wiki/File:10.11.14JayLynchByLuigiNovi1.jpg
bi-leonard-starr,Leonard Starr,Leonard Starr,https://upload.wikimedia.org/wikipedia/commons/9/97/Leonard_Starr.jpg?utm_source=en.wikipedia.org&utm_campaign=api&utm_content=original,CC BY 2.0,Alan Light,https://commons.wikimedia.org/wiki/File:Leonard_Starr.jpg
bi-lynn-johnston,Lynn Johnston,Lynn Johnston,https://upload.wikimedia.org/wikipedia/commons/5/5a/Lynn_Johnston_at_the_The_Doug_Wright_Awards_2008_%28cropped%29.jpg?utm_source=en.wikipedia.org&utm_campaign=api&utm_content=original,CC BY 2.0,mackbrad,https://commons.wikimedia.org/wiki/File:Lynn_Johnston_at_the_The_Doug_Wright_Awards_2008_(cropped).jpg
bi-oliver-herford,Oliver Herford,Oliver Herford,https://upload.wikimedia.org/wikipedia/commons/3/33/Oliver_Herford_1916.jpg?utm_source=en.wikipedia.org&utm_campaign=api&utm_content=original,Public domain,Unknown photographer,https://commons.wikimedia.org/wiki/File:Oliver_Herford_1916.jpg
bi-gus-mager,Gus Mager,Gus Mager,https://upload.wikimedia.org/wikipedia/commons/b/b1/New_York_Evening_Journal_cartoonists_photo_1911-01-31.jpg,Public domain,New York Evening Journal staff,https://commons.wikimedia.org/wiki/File:New_York_Evening_Journal_cartoonists_photo_1911-01-31.jpg
bi-bud-grace,Bud Grace,Bud Grace,https://upload.wikimedia.org/wikipedia/commons/2/28/Bud_grace_portrait.JPG?utm_source=en.wikipedia.org&utm_campaign=api&utm_content=original,Public domain,Dev-ko at English Wikipedia,https://commons.wikimedia.org/wiki/File:Bud_grace_portrait.JPG
bi-shel-dorf,Shel Dorf,Shel Dorf,https://upload.wikimedia.org/wikipedia/commons/b/b6/Shel_Dorf_%282085929919%29_%28cropped%29.jpg?utm_source=en.wikipedia.org&utm_campaign=api&utm_content=original,CC BY 2.0,Alan Light,https://commons.wikimedia.org/wiki/File:Shel_Dorf_(2085929919)_(cropped).jpg
bi-michael-t-gilbert,Michael T. Gilbert,Michael T. Gilbert,https://upload.wikimedia.org/wikipedia/commons/9/9e/Michael_T._Gilbert.jpg?utm_source=en.wikipedia.org&utm_campaign=api&utm_content=original,CC BY-SA 3.0,Michael T. Gilbert,https://commons.wikimedia.org/wiki/File:Michael_T._Gilbert.jpg
bi-stephanie-mcmillan,Stephanie McMillan,Stephanie McMillan,https://upload.wikimedia.org/wikipedia/commons/d/df/Stephanie_McMillan_at_Stumptown_Comics_Festival%2C_2007.jpg?utm_source=en.wikipedia.org&utm_campaign=api&utm_content=original,CC BY 2.0,"Joshin Yamada from Portland, USA","https://commons.wikimedia.org/wiki/File:Stephanie_McMillan_at_Stumptown_Comics_Festival,_2007.jpg"
bi-harry-hershfield,Harry Hershfield,Harry Hershfield,https://upload.wikimedia.org/wikipedia/commons/4/42/Harry_Hershfield.png?utm_source=en.wikipedia.org&utm_campaign=api&utm_content=original,Public domain,New York Evening Journal,https://commons.wikimedia.org/wiki/File:Harry_Hershfield.png
bi-ollie-harrington,Ollie Harrington,Ollie Harrington,https://upload.wikimedia.org/wikipedia/commons/1/1b/Ollie_Harrington_1972_Edit.png?utm_source=en.wikipedia.org&utm_campaign=api&utm_content=original,Public domain,Bill Andrews for the Daily World,https://commons.wikimedia.org/wiki/File:Ollie_Harrington_1972_Edit.png
